{
  "name": "HistorySinkConnectorConnector_0",
  "config": {
    "kafka.connector.group.id": "history",
    "connector.class": "com.nsl.novus.connector.history.HistorySinkConnector",
    "topics.regex": "\\bentitystore1\\..*?\\b",
    "plugin.path": "/home/ubuntu/classes",
    "mongodb.connection.string": "mongodb://192.168.10.238:27017",
    "key.converter": "io.confluent.connect.avro.AvroConverter",
    "value.converter": "io.confluent.connect.avro.AvroConverter",
    "key.converter.schema.registry.url": "http://192.168.10.247:8081",
    "value.converter.schema.registry.url": "http://192.168.10.247:8081"
  }
}
