{
  "name": "CodeGenSinkConnectorConnector_0",
  "config": {
    "kafka.connector.group.id": "history",
    "connector.class": "com.nsl.novus.connector.codegen.CodeGenSinkConnector",
    "tasks.max": "1",
    "topics": "entitystore1",
    "plugin.path": "/home/ubuntu/classes/",
    "key.converter": "io.confluent.connect.avro.AvroConverter",
    "value.converter": "io.confluent.connect.avro.AvroConverter",
    "key.converter.schema.registry.url": "http://192.168.10.247:8081",
    "value.converter.schema.registry.url": "http://192.168.10.247:8081"
  }
}
