{
  "name": "irdr-postgres-connector-1",
  "config": {
    "kafka.connector.group.id": "source",
    "plugin.name": "pgoutput",
    "connector.class": "io.debezium.connector.postgresql.PostgresConnector",
    "database.hostname": "nsl-qa3-paas-db-instance-1.cokqqzekgna1.ap-south-1.rds.amazonaws.com",
    "database.port": "5432",
    "database.dbname": "irdr",
    "database.user": "nsl2",
    "database.password": "nsl1X!",
    "database.server.name": "postgres.irdr",
    "schema.include.list": "^cdc$,^suchitraacademy$,^govtschool$,^lawandorderprod$",
    "heartbeat.interval.ms" : "2000",
    "status.update.interval.ms": "1000",
    "offset.flush.timeout.ms" : "60000",
    "offset.flush.interval.ms" : "10000",
    "topic.creation.default.replication.factor": 2,
    "topic.creation.default.partitions": 2,
    "slot.name": "debezium_1",
    "topic.prefix": "irdr",
    "tasks.max": "1",
    "snapshot.mode": "initial",
    "key.converter": "io.confluent.connect.avro.AvroConverter",
    "value.converter": "io.confluent.connect.avro.AvroConverter",
    "key.converter.schema.registry.url": "http://192.168.10.247:8081",
    "value.converter.schema.registry.url": "http://192.168.10.247:8081"
  }
}
