{
  "name": "mysql-debezium-connector-1",
  "config": {
    "kafka.connector.group.id": "source",
    "connector.class": "io.debezium.connector.mysql.MySqlConnector",
    "tasks.max": "1",
    "topic.prefix": "entitystore1",
    "database.hostname": "192.168.10.244",
    "database.port": "3306",
    "database.user": "nsl",
    "database.password": "password",
    "database.server.id": "223344",
    "database.include.list": "^cdc$,^suchitraacademy$,^govtschool$,^lawandorderprod$",
    "topic.creation.default.replication.factor": 2,
    "topic.creation.default.partitions": 2,
    "key.deserializer": "io.confluent.kafka.serializers.KafkaAvroDeserializer",
    "value.deserializer": "io.confluent.kafka.serializers.KafkaAvroDeserializer",
    "key.converter": "io.confluent.connect.avro.AvroConverter",
    "value.converter": "io.confluent.connect.avro.AvroConverter",
    "key.converter.schemas.enable": "true",
    "value.converter.schemas.enable": "true",
    "key.converter.schema.registry.url": "http://192.168.10.247:8081",
    "value.converter.schema.registry.url": "http://192.168.10.247:8081",
    "schema.history.internal.kafka.bootstrap.servers": "192.168.11.10:9092,192.168.11.13:9092,192.168.10.172:9092",
    "schema.history.internal.kafka.topic": "schema-changes.inventory"
  }
}
