{
  "name": "qa3-transactions-scylladb-sink-connector",
  "config": {
    "connector.class": "io.connect.scylladb.ScyllaDbSinkConnector",
    "tasks.max": "1",
    "confluent.topic.bootstrap.servers":"192.168.11.13:9092,192.168.11.10:9092,192.168.10.193:9092",
    "topics": "TxnTransRequestAvro",
    "scylladb.contact.points": "192.168.10.123",
    "scylladb.keyspace": "qa3Transactions_keyspace",
    "transforms": "Scylla",
    "transforms.Scylla.type": "com.nsl.paas.kafka.connect.transforms.ScylladbSinkAvroTransactionTransform$Value",
    "key.converter": "org.apache.kafka.connect.storage.StringConverter",
    "value.converter": "io.confluent.connect.avro.AvroConverter",
    "value.converter.schema.registry.url": "http://192.168.10.247:8081",
    "key.converter.schemas.enable": false,
    "value.converter.schemas.enable": true
  }
}