{
  "name": "${connector.name}",
  "config": {
    "connector.class": "com.nsl.kafka.connector.JaversHistorySinkConnector",
    "tasks.max": "1",
    "topics" : "mysql",
    "key.converter": "io.confluent.connect.avro.AvroConverter",
    "value.converter": "io.confluent.connect.avro.AvroConverter",
    "key.converter.schemas.enable": "true",
    "value.converter.schemas.enable": "true",
    "key.converter.schema.registry.url":"http://localhost:8081",
    "value.converter.schema.registry.url":"http://localhost:8081",
    "schema.history.internal.kafka.bootstrap.servers":"localhost:9092"
  }
}
