{
  "name": "${connector.name}",
  "config": {
    "plugin.name": "pgoutput",
    "connector.class": "io.debezium.connector.postgresql.PostgresConnector",
    "database.hostname": "${database.hostname}",
    "database.port": "${database.port}",
    "database.dbname" : "${database.dbname}",
    "database.user": "${database.user}",
    "database.password": "${database.password}",
    "database.server.name": "${database.server.name}",
    "schema.include.list": "${schema.include.list}",
    "slot.name": "debezium",
    "topic.prefix" : "${topic.prefix}" ,
    "tasks.max" : "1",
    "snapshot.mode": "initial",
    "key.converter": "io.confluent.connect.avro.AvroConverter",
    "value.converter": "io.confluent.connect.avro.AvroConverter",
    "key.converter.schema.registry.url":"http://10.224.16.62:8081",
    "value.converter.schema.registry.url":"http://10.224.16.62:8081"
  }
}
