{
  "name": "elastic-sink-connector",
  "config": {
    "connector.class": "io.confluent.connect.elasticsearch.ElasticsearchSinkConnector",
    "tasks.max": "1",
    "topics": "gsiTableDataStream,cuTableDataStream,qa-gsiTableDataStream,qa-cuTableDataStream",
    "connection.url": "http://localhost:9200",
    "key.ignore": "true",
    "schema.ignore": "true",
    "type.name": "_doc",
    "key.converter": "org.apache.kafka.connect.json.JsonConverter",
    "key.converter.schemas.enable": "false",
    "value.converter": "org.apache.kafka.connect.json.JsonConverter",
    "value.converter.schemas.enable": "false"
  }
}

