{

    "name": "irdr-postgres-connector-1",

    "config": {

        "plugin.name": "pgoutput",

        "connector.class": "io.debezium.connector.postgresql.PostgresConnector",

        "database.hostname": "nsl-qa3-paas-db-instance-1.cokqqzekgna1.ap-south-1.rds.amazonaws.com",

        "database.port": "5432",

        "database.dbname" : "irdr",

        "database.user": "nsl2",

        "database.password": "nsl1X!",

        "database.server.name": "postgres.irdr",

        "schema.include.list": "cdc",

        "slot.name": "debezium",

        "topic.prefix" : "irdr" ,

        "tasks.max" : "1",

        "snapshot.mode": "initial",

        "key.converter": "io.confluent.connect.avro.AvroConverter",

        "value.converter": "io.confluent.connect.avro.AvroConverter",

        "key.converter.schema.registry.url":"http://10.224.16.62:8081",

        "value.converter.schema.registry.url":"http://10.224.16.62:8081"

    }
    
}

