{
    "name": "transaction-scylladb-sink-connector",
    "config": {
        "connector.class": "io.connect.scylladb.ScyllaDbSinkConnector",
        "tasks.max": "1",
        "topics": "TxnTransRequest",
        "scylladb.contact.points": "localhost",
        "scylladb.keyspace": "test_space",
        "transforms": "demoScylla",
        "transforms.demoScylla.type": "org.example.transforms.DemoTransformScylladbSink",
        "key.converter": "org.apache.kafka.connect.storage.StringConverter",
        "value.converter": "org.apache.kafka.connect.storage.StringConverter",
        "key.converter.schemas.enable": false,
        "value.converter.schemas.enable": false
    }
}

