{
    "name": "mysql-debezium-connector-1",
    "config": {
        "connector.class": "io.debezium.connector.mysql.MySqlConnector",
        "tasks.max": "1",
 
        "topic.prefix": "entitystore",
        "database.hostname": "localhost",
        "database.port": "3306",
        "database.user": "nsl",
        "database.password": "password",
        "database.server.id": "223344",
		"database.include.list":"cdc",
 
        "key.deserializer": "io.confluent.kafka.serializers.KafkaAvroDeserializer",
        "value.deserializer": "io.confluent.kafka.serializers.KafkaAvroDeserializer",
 
		"key.converter": "io.confluent.connect.avro.AvroConverter",
        "value.converter": "io.confluent.connect.avro.AvroConverter",
        "key.converter.schemas.enable": "true",
        "value.converter.schemas.enable": "true",
		"key.converter.schema.registry.url":"http://10.224.16.62:8081",
		"value.converter.schema.registry.url":"http://10.224.16.62:8081",
 
        "schema.history.internal.kafka.bootstrap.servers":"localhost:9092",	
        "schema.history.internal.kafka.topic":"schema-changes.inventory"
    }
}
