{

  "name": "nsl-bet-store-mongodb-connector-1",  

  "config": {

    "connector.class": "io.debezium.connector.mongodb.MongoDbConnector", 

    "mongodb.connection.string" : "mongodb://admin:NSLAdmin123@10.221.97.110:27019/admin?authSource=admin",

    "mongodb.connection.string.shard.params" : "mongodb://bet:bet%40123@10.224.19.178:27017/odindb?authSource=odindb&replicaSet=mongo1",

    "mongodb.name": "cdc", 

    "mongodb.connection.mode" : "sharded",

    "database.include.list": "cdc",

    "tasks.max": "1",

    "topic.prefix" : "betstore",

    "key.converter": "io.confluent.connect.avro.AvroConverter",

    "value.converter": "io.confluent.connect.avro.AvroConverter",

    "key.converter.schema.registry.url":"http://10.224.16.62:8081",

    "value.converter.schema.registry.url":"http://10.224.16.62:8081"

  }
}
