<?xml version="1.0" encoding="UTF-8"?>
<configuration>
    <!-- Integrates Spring property into Logback configuration -->
    <springProperty scope="context" name="service" source="spring.application.name" />
    <springProperty scope="context" name="logPath" source="logFolder.path" />
    <!-- Console Appender Configuration -->
    <appender name="CONSOLE" class="ch.qos.logback.core.ConsoleAppender">
        <encoder>
            <charset>UTF-8</charset>
            <pattern>%d{HH:mm:ss.SSS} [%-5level] %logger{15} - %msg%n</pattern>
        </encoder>
    </appender>
    Rolling File Appender Configuration
    <appender name="ROLLING" class="ch.qos.logback.core.rolling.RollingFileAppender">
        <!-- Log file location, incorporating a Spring Boot property -->
        <file>${logPath}${service}.log</file>
        <!-- Rolling policy based on file size and date -->
        <rollingPolicy class="ch.qos.logback.core.rolling.SizeAndTimeBasedRollingPolicy">
            <fileNamePattern>${logPath}${service}-%d{yyyy-MM-dd}.%i.log</fileNamePattern>
            <maxFileSize>10MB</maxFileSize>
            <maxHistory>3</maxHistory>
        </rollingPolicy>
        <encoder>
            <charset>UTF-8</charset>
            <pattern>%d{yyyy-MM-dd HH:mm:ss.SSS} [%thread]%-5level %logger{36} - %msg%n</pattern>
        </encoder>
    </appender>
    <!-- Root Logger -->
    <root level="WARN">
        <!-- Appender references to define which loggers are active -->
        <appender-ref ref="ROLLING" />
        <!--appender-ref ref="CONSOLE" /-->
    </root>
</configuration>