<assembly xmlns:xsi="http://www.w3.org/2001/XMLSchema-instance"
          xmlns="http://maven.apache.org/plugins/maven-assembly-plugin/assembly/1.1.3"
          xsi:schemaLocation="http://maven.apache.org/plugins/maven-assembly-plugin/assembly/1.1.3 http://maven.apache.org/xsd/assembly-1.1.3.xsd">
    <id>bin</id>
    <formats>
        <format>tar.gz</format>
        <format>zip</format>
    </formats>
    <dependencySets>
        <dependencySet>
            <scope>runtime</scope>
            <useTransitiveDependencies>true</useTransitiveDependencies>
            <outputDirectory>lib</outputDirectory>
        </dependencySet>
    </dependencySets>
    <fileSets>
        <fileSet>
            <directory>${project.basedir}</directory>
            <outputDirectory>/</outputDirectory>
            <includes>
                <include>README*</include>
                <include>LICENSE*</include>
                <include>NOTICE*</include>
            </includes>
        </fileSet>
        <fileSet>
            <directory>${project.build.directory}</directory>
            <outputDirectory>/</outputDirectory>
            <includes>
                <include>*.jar</include>
            </includes>
        </fileSet>
        <fileSet>
            <directory>${project.build.directory}/site</directory>
            <outputDirectory>docs</outputDirectory>
        </fileSet>
    </fileSets>
</assembly>
